Workbook

Sheet Raw_Shipments
A1: ShipmentID | B1: OrderID | C1: SupplierID | D1: ShipDate | E1: PromisedDate | F1: ActualDeliveryDate | G1: Carrier | H1: QtyShipped | I1: QuantityOrdered | J1: Lead_Time | K1: Delay | L1: OT | M1: IF | N1: ONIF
A2: SHP-00001 | B2: ORD-00001 | C2: SUP-02 | D2: 45659 | E2: 45668 | F2: 45666 | G2: DHL | H2: 11 | I2: 11 | J2: =F2-D2 -> 7 | K2: =F2-E2 -> -2 | L2: =IF(K2<=0,"Yes","No") -> Yes | M2: =IF(H2=I2,"Yes","No") -> Yes | N2: =IF(AND(L2="Yes",M2="Yes"),"Yes","No") -> Yes
A3: SHP-00002 | B3: ORD-00002 | C3: SUP-08 | D3: 45658 | E3: 45666 | F3: 45675 | G3: FedEx | H3: 6 | I3: 9 | J3: =F3-D3 -> 17 | K3: =F3-E3 -> 9 | L3: =IF(K3<=0,"Yes","No") -> No | M3: =IF(H3=I3,"Yes","No") -> No | N3: =IF(AND(L3="Yes",M3="Yes"),"Yes","No") -> No
A4: SHP-00003 | B4: ORD-00003 | C4: SUP-08 | D4: 45658 | E4: 45662 | F4: 45673 | G4: Ekart | H4: 19 | I4: 19 | J4: =F4-D4 -> 15 | K4: =F4-E4 -> 11 | L4: =IF(K4<=0,"Yes","No") -> No | M4: =IF(H4=I4,"Yes","No") -> Yes | N4: =IF(AND(L4="Yes",M4="Yes"),"Yes","No") -> No
A5: SHP-00004 | B5: ORD-00004 | C5: SUP-04 | D5: 45660 | E5: 45664 | F5: 45670 | G5: BlueDart | H5: 33 | I5: 33 | J5: =F5-D5 -> 10 | K5: =F5-E5 -> 6 | L5: =IF(K5<=0,"Yes","No") -> No | M5: =IF(H5=I5,"Yes","No") -> Yes | N5: =IF(AND(L5="Yes",M5="Yes"),"Yes","No") -> No
A6: SHP-00005 | B6: ORD-00005 | C6: SUP-04 | D6: 45658 | E6: 45668 | F6: 45664 | G6: BlueDart | H6: 52 | I6: 59 | J6: =F6-D6 -> 6 | K6: =F6-E6 -> -4 | L6: =IF(K6<=0,"Yes","No") -> Yes | M6: =IF(H6=I6,"Yes","No") -> No | N6: =IF(AND(L6="Yes",M6="Yes"),"Yes","No") -> No
A7: SHP-00006 | B7: ORD-00006 | C7: SUP-05 | D7: 45658 | E7: 45662 | F7: 45673 | G7: DHL | H7: 41 | I7: 41 | J7: =F7-D7 -> 15 | K7: =F7-E7 -> 11 | L7: =IF(K7<=0,"Yes","No") -> No | M7: =IF(H7=I7,"Yes","No") -> Yes | N7: =IF(AND(L7="Yes",M7="Yes"),"Yes","No") -> No
A8: SHP-00007 | B8: ORD-00007 | C8: SUP-05 | D8: 45659 | E8: 45661 | F8: 45672 | G8: Ekart | H8: 2 | I8: 2 | J8: =F8-D8 -> 13 | K8: =F8-E8 -> 11 | L8: =IF(K8<=0,"Yes","No") -> No | M8: =IF(H8=I8,"Yes","No") -> Yes | N8: =IF(AND(L8="Yes",M8="Yes"),"Yes","No") -> No
A9: SHP-00008 | B9: ORD-00008 | C9: SUP-05 | D9: 45659 | E9: 45666 | F9: 45672 | G9: DHL | H9: 4 | I9: 12 | J9: =F9-D9 -> 13 | K9: =F9-E9 -> 6 | L9: =IF(K9<=0,"Yes","No") -> No | M9: =IF(H9=I9,"Yes","No") -> No | N9: =IF(AND(L9="Yes",M9="Yes"),"Yes","No") -> No
A10: SHP-00009 | B10: ORD-00009 | C10: SUP-06 | D10: 45660 | E10: 45664 | F10: 45668 | G10: BlueDart | H10: 27 | I10: 27 | J10: =F10-D10 -> 8 | K10: =F10-E10 -> 4 | L10: =IF(K10<=0,"Yes","No") -> No | M10: =IF(H10=I10,"Yes","No") -> Yes | N10: =IF(AND(L10="Yes",M10="Yes"),"Yes","No") -> No
A11: SHP-00010 | B11: ORD-00010 | C11: SUP-01 | D11: 45660 | E11: 45663 | F11: 45673 | G11: Ekart | H11: 16 | I11: 16 | J11: =F11-D11 -> 13 | K11: =F11-E11 -> 10 | L11: =IF(K11<=0,"Yes","No") -> No | M11: =IF(H11=I11,"Yes","No") -> Yes | N11: =IF(AND(L11="Yes",M11="Yes"),"Yes","No") -> No
A12: SHP-00011 | B12: ORD-00011 | C12: SUP-06 | D12: 45659 | E12: 45663 | F12: 45670 | G12: Delhivery | H12: 59 | I12: 59 | J12: =F12-D12 -> 11 | K12: =F12-E12 -> 7 | L12: =IF(K12<=0,"Yes","No") -> No | M12: =IF(H12=I12,"Yes","No") -> Yes | N12: =IF(AND(L12="Yes",M12="Yes"),"Yes","No") -> No
A13: SHP-00012 | B13: ORD-00012 | C13: SUP-02 | D13: 45659 | E13: 45669 | F13: 45666 | G13: BlueDart | H13: 14 | I13: 14 | J13: =F13-D13 -> 7 | K13: =F13-E13 -> -3 | L13: =IF(K13<=0,"Yes","No") -> Yes | M13: =IF(H13=I13,"Yes","No") -> Yes | N13: =IF(AND(L13="Yes",M13="Yes"),"Yes","No") -> Yes
... A2430: SHP-02429 | B2430: ORD-02429 | C2430: SUP-05 | D2430: 46023 | E2430: 46027 | F2430: 46037 | G2430: Ekart | H2430: 10 | I2430: 10 | J2430: =F2430-D2430 -> 14 | K2430: =F2430-E2430 -> 10 | L2430: =IF(K2430<=0,"Yes","No") -> No | M2430: =IF(H2430=I2430,"Yes","No") -> Yes | N2430: =IF(AND(L2430="Yes",M2430="Yes"),"Yes","No") -> No

Sheet Calculations
A1: KPI | B1: Value | D1: OTIF Failure Type | E1: Shipments | G1: Carrier | H1: Shipments | I1: OTIF % | J1: Avg Delay
A2: Total Shipments | B2: =COUNTA(Raw_Shipments!A:A)-1 -> 2429 | D2: OTIF | E2: 475 | G2: FedEx | H2: =COUNTIF(Raw_Shipments!G:G,G2) -> 446 | I2: =COUNTIFS(Raw_Shipments!G:G,G2,Raw_Shipments!N:N,"Yes")/H2 -> 0.20403587 | J2: =AVERAGEIF(Raw_Shipments!G:G,G2,Raw_Shipments!K:K) -> 4.4955157
A3: On-Time Delivery % | B3: =COUNTIF(Raw_Shipments!L:L,"Yes")/(COUNTA(Raw_Shipments!A:A)-1) -> 0.23260601 | D3: Late + In-Full | E3: =COUNTIFS(Raw_Shipments!L:L,"No",Raw_Shipments!M:M,"Yes") -> 1506 | G3: Ekart | H3: =COUNTIF(Raw_Shipments!G:G,G3) -> 475 | I3: =COUNTIFS(Raw_Shipments!G:G,G3,Raw_Shipments!N:N,"Yes")/H3 -> 0.19578947 | J3: =AVERAGEIF(Raw_Shipments!G:G,G3,Raw_Shipments!K:K) -> 4.6505263
A4: In-Full % | B4: =COUNTIF(Raw_Shipments!M:M,"Yes")/(COUNTA(Raw_Shipments!A:A)-1) -> 0.81556196 | D4: On-Time + Not In-Full | E4: =COUNTIFS(Raw_Shipments!L:L,"Yes",Raw_Shipments!M:M,"No") -> 90 | G4: BlueDart | H4: =COUNTIF(Raw_Shipments!G:G,G4) -> 496 | I4: =COUNTIFS(Raw_Shipments!G:G,G4,Raw_Shipments!N:N,"Yes")/H4 -> 0.19556452 | J4: =AVERAGEIF(Raw_Shipments!G:G,G4,Raw_Shipments!K:K) -> 4.7580645
A5: OTIF % | B5: =COUNTIF(Raw_Shipments!N:N,"Yes")/(COUNTA(Raw_Shipments!A:A)-1) -> 0.19555373 | D5: On-Time + Not In-Full | E5: =COUNTIFS(Raw_Shipments!L:L,"No",Raw_Shipments!M:M,"No") -> 358 | G5: DHL | H5: =COUNTIF(Raw_Shipments!G:G,G5) -> 511 | I5: =H13 -> 0.2074364 | J5: =AVERAGEIF(Raw_Shipments!G:G,G5,Raw_Shipments!K:K) -> 5.1428571
A6: Average Lead Time (Days) | B6: =AVERAGE(Raw_Shipments!J:J) -> 10.419926 | G6: Delhivery | H6: =COUNTIF(Raw_Shipments!G:G,G6) -> 501 | I6: =COUNTIFS(Raw_Shipments!G:G,G6,Raw_Shipments!N:N,"Yes")/H6 -> 0.1756487 | J6: =AVERAGEIF(Raw_Shipments!G:G,G6,Raw_Shipments!K:K) -> 5.1916168
A7: Average Delay (Days) | B7: =AVERAGEIF(Raw_Shipments!K:K,">0",Raw_Shipments!K:K) -> 6.9206009
G9: Carrier | H9: OTIF % | I9: Rank
A10: Delivery Status | B10: Shipments | G10: DHL | H10: =COUNTIFS(Raw_Shipments!G:G,G2,Raw_Shipments!N:N,"Yes")/H2 -> 0.20403587 | I10: =_xlfn.RANK.EQ(H10,$H$10:$H$14,0) -> 2
A11: On-Time | B11: =COUNTIF(Raw_Shipments!L:L,"Yes") -> 565 | G11: FedEx | H11: =COUNTIFS(Raw_Shipments!G:G,G3,Raw_Shipments!N:N,"Yes")/H3 -> 0.19578947 | I11: =_xlfn.RANK.EQ(H11,$H$10:$H$14,0) -> 3
A12: Late | B12: =COUNTIF(Raw_Shipments!L:L,"No") -> 1864 | G12: Ekart | H12: =COUNTIFS(Raw_Shipments!G:G,G4,Raw_Shipments!N:N,"Yes")/H4 -> 0.19556452 | I12: =_xlfn.RANK.EQ(H12,$H$10:$H$14,0) -> 4
G13: BlueDart | H13: =COUNTIFS(Raw_Shipments!G:G,G5,Raw_Shipments!N:N,"Yes")/H5 -> 0.2074364 | I13: =_xlfn.RANK.EQ(H13,$H$10:$H$14,0) -> 1
G14: Delhivery | H14: =COUNTIFS(Raw_Shipments!G:G,G6,Raw_Shipments!N:N,"Yes")/H6 -> 0.1756487 | I14: =_xlfn.RANK.EQ(H14,$H$10:$H$14,0) -> 5
A16: Fulfillment Status | B16: Shipments
A17: In-Full | B17: =COUNTIF(Raw_Shipments!M:M,"Yes") -> 1981 | D17: Business Finding | E17: Recommendation
A18: Not In-Full | B18: =COUNTIF(Raw_Shipments!M:M,"No") -> 448 | D18: Late delivery is the main OTIF failure | E18: Focus on reducing delivery delays and improving carrier turnaround time
D19: Delhivery has the lowest OTIF | E19: Review Delhivery's delivery performance and investigate recurring delays
D20: Average delay is 6.92 days overall | E20: Identify major delay drivers and establish corrective actions
A22: OTIF Status | B22: Shipments
A23: OTIF | B23: =COUNTIF(Raw_Shipments!N:N,"Yes") -> 475
A24: NOT OTIF | B24: =COUNTIF(Raw_Shipments!N:N,"No") -> 1954

Sheet KPI_Analysis
A1: Shipment & Delivery Performance KPI Analysis
A5: Total Shipments | F5: ON-TIME DELIVERY | J5: In-Full %
A6: =Calculations!B2 -> 2429 | F6: =Calculations!B3 -> 0.23260601 | J6: =Calculations!B4 -> 0.81556196
A9: OTIF % | F9: Average Lead Time (Days) | J9: Average Delay (Days)
A10: =Calculations!B5 -> 0.19555373 | F10: =Calculations!B6 -> 10.419926 | J10: =Calculations!B7 -> 6.9206009
A27: KEY BUSINESS INSIGHTS
A29: • On-Time Delivery is only 23%, indicating significant delivery delays.
A30: • 82% of shipments were fulfilled in full, showing strong order fulfillment.
A31: • OTIF performance is only 20%, highlighting an overall service-level gap.
A32: • Average shipment delay is 6.92 days, indicating a major opportunity to improve delivery efficiency.
A33: • Average lead time is 10.42 days, indicating scope to improve overall delivery speed.
A34: • Delhivery has the lowest OTIF performance (18%) and highest average delay (5.19 days), indicating a potential carrier-level performance issue.
A35: • Late delivery is the primary driver of OTIF failures, with 1,506 shipments being Late + In-Full.
A38: BUSINESS RECOMMENDATIONS
A40: 1. Improve delivery timeliness
A41: On-Time Delivery is only 23%, so investigate shipment delays and carrier delivery performance.
A42: 2. Review Delhivery performance
... A47: The average lead time of 10.42 days indicates an opportunity to improve transportation and fulfillment efficiency.
J51: Data Source: Shipment & Delivery Dataset
J52: Analysis: Shipment Performance & OTIF Analysis
J53: Analysis Period: 09-Jan-2025 – 15-Jan-2026
